username,viewed_videos
408098,7
MariaVasiljeva,2
adlix,17
aleiinikova,2
alinasv2004@gmail.com,15
alyona_dyachkova,17
anipaderina,12
annabelousoffa,12
arseniy.yirin,17
asya3323,10
beloborodova1825,7
bolotovvvva,12
coco_jellyfish,12
daniilkirillov,11
deasblackz,16
deathlu,13
ekaterinanovikova941,7
evgenia_milesova,5
funtikai_bd,2
gleb26,2
golfelena40,2
google.100215284991651756543,6
google.100714392620796756404,12
google.101944084469013156741,6
google.102196182561592794756,7
google.107226560786404253255,4
google.115753851597580473401,7
id156748536,2
id218010549,8
id316065970,13
id456209271,13
itmo182641,7
itmo284682,12
itmo311832,2
itmo332958,5
itmo333486,12
itmo333869,15
itmo335364,17
itmo335931,12
itmo336484,8
itmo336984,5
itmo338921,11
itmo339741,7
itmo341672,2
itmo341992,12
itmo342956,3
itmo343531,12
itmo356389,12
itmo361992,17
itmo365849,17
itmo366309,13
itmo367178,8
itmo367196,12
itmo367303,1
itmo367330,5
itmo367334,9
itmo367346,3
itmo367368,8
itmo367400,4
itmo367419,8
itmo367448,12
itmo367490,7
itmo367536,9
itmo367576,5
itmo367626,1
itmo368045,2
itmo368111,17
itmo368148,10
itmo368169,7
itmo368203,3
itmo368303,12
itmo368386,12
itmo368427,12
itmo368451,10
itmo368488,3
itmo368521,2
itmo368617,6
itmo368662,17
itmo368697,5
itmo368702,1
itmo368726,6
itmo368863,13
itmo368931,1
itmo368960,6
itmo369012,12
itmo369020,1
itmo369032,12
itmo369160,2
itmo370902,12
itmo372872,17
itmo372971,4
itmo373074,17
itmo373344,1
itmo373385,12
itmo374116,14
itmo374214,7
itmo374216,1
itmo374225,1
itmo374253,13
itmo374373,17
itmo374387,9
itmo374725,12
itmo374775,5
itmo374793,2
itmo374794,13
itmo374800,11
itmo374801,17
itmo374809,17
itmo374855,1
itmo374871,2
itmo375244,15
itmo375245,17
itmo375246,7
itmo375271,17
itmo376517,17
itmo377014,6
itmo378117,12
itmo378952,12
itmo379993,12
itmo380174,8
itmo382656,12
itmo382691,17
itmo383552,10
itmo384234,12
itmo389871,1
itmo390072,5
itmo391934,1
itmo394791,4
itmo394851,6
itmo395853,12
itmo397812,12
itmo398194,8
itmo398231,2
itmo398671,13
itmo408096,12
itmo408110,12
itmo408114,17
itmo408120,17
itmo408129,8
itmo408131,12
itmo408134,16
itmo408137,12
itmo408144,5
itmo408148,12
itmo408150,12
itmo408154,5
itmo408155,1
itmo408159,12
itmo408167,12
itmo408169,3
itmo408180,1
itmo408183,12
itmo408186,8
itmo408187,11
itmo408193,1
itmo408196,9
itmo408197,12
itmo408199,17
itmo408200,12
itmo408201,8
itmo408220,12
itmo408221,12
itmo408226,12
itmo408227,17
itmo408228,12
itmo408231,5
itmo408234,8
itmo408237,3
itmo408241,17
itmo408252,12
itmo408254,12
itmo408260,12
itmo408264,5
itmo408267,13
itmo408269,11
itmo408270,12
itmo408274,12
itmo408276,12
itmo408288,12
itmo408289,1
itmo408290,12
itmo408294,9
itmo408296,3
itmo408298,12
itmo408309,17
itmo408314,1
itmo408320,4
itmo408323,12
itmo408328,12
itmo408331,4
itmo408333,12
itmo408336,17
itmo408346,6
itmo408357,1
itmo408361,8
itmo408372,4
itmo408375,12
itmo408380,17
itmo408383,12
itmo408394,2
itmo408396,6
itmo408398,12
itmo408399,2
itmo408401,3
itmo408404,15
itmo408406,5
itmo408415,8
itmo408427,12
itmo408430,12
itmo408439,11
itmo408442,12
itmo408447,5
itmo408457,17
itmo408463,8
itmo408464,17
itmo408465,8
itmo408467,2
itmo408470,17
itmo408482,1
itmo408484,17
itmo408487,6
itmo408495,6
itmo408497,5
itmo408514,17
itmo408516,17
itmo408527,17
itmo408533,1
itmo408535,12
itmo408546,17
itmo408550,17
itmo408551,12
itmo408559,12
itmo408577,17
itmo408588,12
itmo408593,4
itmo408597,12
itmo408601,12
itmo408605,10
itmo408607,7
itmo408608,4
itmo408617,12
itmo408619,12
itmo408624,12
itmo408630,12
itmo408636,6
itmo408638,12
itmo408639,12
itmo408646,17
itmo408670,12
itmo408682,12
itmo408690,12
itmo408705,2
itmo408707,2
itmo408711,12
itmo408712,17
itmo408717,17
itmo408719,12
itmo408721,10
itmo408731,5
itmo408736,4
itmo408744,16
itmo408746,11
itmo408753,12
itmo408757,4
itmo408759,10
itmo408760,12
itmo408765,9
itmo408776,12
itmo408786,5
itmo408788,2
itmo408797,17
itmo408799,12
itmo408800,1
itmo408803,12
itmo408807,16
itmo408813,8
itmo408814,1
itmo408821,13
itmo408833,4
itmo408835,5
itmo408839,12
itmo408841,12
itmo408842,1
itmo408849,13
itmo408856,11
itmo408862,17
itmo408865,9
itmo408866,3
itmo408872,8
itmo408875,2
itmo408883,2
itmo408884,12
itmo408893,15
itmo408894,2
itmo408902,17
itmo408908,17
itmo408917,11
itmo408922,17
itmo408926,7
itmo408932,3
itmo408942,16
itmo408943,6
itmo408945,9
itmo408952,17
itmo408954,17
itmo408955,8
itmo408960,17
itmo408961,17
itmo408967,12
itmo408969,15
itmo408973,17
itmo408979,17
itmo408980,11
itmo408983,12
itmo408987,17
itmo408990,12
itmo408997,12
itmo408998,11
itmo409002,1
itmo409003,17
itmo409005,1
itmo409007,6
itmo409010,9
itmo409014,9
itmo409018,9
itmo409020,1
itmo409022,13
itmo409023,12
itmo409028,12
itmo409032,1
itmo409037,5
itmo409039,6
itmo409041,6
itmo409047,12
itmo409048,12
itmo409050,12
itmo409051,14
itmo409052,5
itmo409054,3
itmo409055,12
itmo409057,12
itmo409062,5
itmo409065,12
itmo409070,12
itmo409071,17
itmo409079,6
itmo409084,7
itmo409087,7
itmo409098,14
itmo409103,15
itmo409121,17
itmo409134,12
itmo409135,12
itmo409140,13
itmo409148,17
itmo409150,3
itmo409154,12
itmo409164,7
itmo409173,17
itmo409179,17
itmo409182,5
itmo409187,12
itmo409188,1
itmo409201,12
itmo409207,6
itmo409216,1
itmo409217,12
itmo409226,3
itmo409229,8
itmo409230,2
itmo409234,7
itmo409237,5
itmo409242,12
itmo409247,8
itmo409254,12
itmo409257,17
itmo409258,12
itmo409264,10
itmo409266,12
itmo409269,12
itmo409281,17
itmo409286,17
itmo409288,2
itmo409289,7
itmo409290,12
itmo409294,6
itmo409299,17
itmo409307,17
itmo409316,12
itmo409320,17
itmo409323,12
itmo409328,13
itmo409333,11
itmo409335,12
itmo409343,17
itmo409344,17
itmo409350,9
itmo409363,16
itmo409370,1
itmo409371,12
itmo409375,17
itmo409385,17
itmo409395,5
itmo409402,17
itmo409403,13
itmo409404,12
itmo409405,7
itmo409406,17
itmo409408,12
itmo409417,6
itmo409420,17
itmo409421,1
itmo409426,12
itmo409431,12
itmo409443,17
itmo409450,17
itmo409452,10
itmo409459,1
itmo409467,17
itmo409468,5
itmo409470,2
itmo409471,5
itmo409481,5
itmo409495,12
itmo409497,17
itmo409518,12
itmo409521,17
itmo409524,12
itmo409531,17
itmo409533,2
itmo409535,8
itmo409538,4
itmo409539,4
itmo409540,12
itmo409552,9
itmo409556,12
itmo409557,17
itmo409558,12
itmo409560,12
itmo409561,12
itmo409562,9
itmo409578,12
itmo409588,17
itmo409590,12
itmo409595,2
itmo409600,13
itmo409605,12
itmo409607,4
itmo409609,17
itmo409636,8
itmo409637,6
itmo409638,10
itmo409649,8
itmo409654,17
itmo409662,4
itmo409670,6
itmo409672,7
itmo409678,17
itmo409689,12
itmo409695,17
itmo409700,10
itmo409709,1
itmo409713,3
itmo409717,12
itmo409733,12
itmo409736,12
itmo409743,6
itmo409745,5
itmo409751,1
itmo409757,17
itmo409758,12
itmo409761,10
itmo409767,12
itmo409770,17
itmo409789,17
itmo409790,5
itmo409794,12
itmo409796,5
itmo409803,12
itmo409805,4
itmo409813,4
itmo409818,5
itmo409822,7
itmo409828,12
itmo409834,1
itmo409837,12
itmo409839,5
itmo409840,1
itmo409847,14
itmo409848,12
itmo409851,12
itmo409857,17
itmo409860,4
itmo409861,5
itmo409866,12
itmo409868,6
itmo409872,17
itmo409876,9
itmo409880,12
itmo409898,16
itmo409901,1
itmo409902,12
itmo409903,5
itmo409905,3
itmo409913,4
itmo409919,1
itmo409920,12
itmo409922,1
itmo409926,10
itmo409936,3
itmo409937,12
itmo409945,2
itmo410702,17
itmo412872,17
itmo412883,17
itmo412885,7
itmo412888,12
itmo412890,17
itmo412894,1
itmo412895,12
itmo412899,9
itmo412911,12
itmo412917,3
itmo412918,12
itmo412922,12
itmo412923,3
itmo412925,9
itmo412932,7
itmo412936,16
itmo412947,13
itmo412951,11
itmo412953,17
itmo412967,12
itmo412972,17
itmo412973,6
itmo412976,17
itmo412988,12
itmo412993,17
itmo412996,12
itmo413000,12
itmo413001,2
itmo413002,12
itmo413005,17
itmo413009,17
itmo413010,12
itmo413011,12
itmo413013,12
itmo413018,7
itmo413027,3
itmo413034,14
itmo413035,12
itmo413036,17
itmo413037,17
itmo413045,12
itmo413053,9
itmo413054,12
itmo413066,9
itmo413069,2
itmo413072,17
itmo413073,2
itmo413074,12
itmo413080,1
itmo413082,12
itmo413085,6
itmo413093,11
itmo413098,4
itmo413100,12
itmo413101,17
itmo413114,12
itmo413469,12
itmo413476,14
itmo413744,17
itmo413758,8
itmo413768,8
itmo413770,12
itmo413771,7
itmo413772,4
itmo413774,1
itmo413775,17
itmo413787,4
itmo413788,6
itmo413793,12
itmo413797,6
itmo413804,4
itmo413805,17
itmo413831,17
itmo414238,12
itmo414239,17
itmo414248,12
itmo414254,12
itmo414256,10
itmo414271,5
itmo414280,12
itmo414366,5
itmo414410,12
itmo414753,1
itmo436309,1
itmo436509,3
itmo439509,10
jemappellesasha,6
juliako555@icloud.com,3
kamyevans,8
katya_sha,17
katyabichurina,5
konstantin2131,12
lllsh24,12
lpolagaev,4
m_yutman,17
mahortovarigina,1
maksmac05,12
mariaparusova,12
mashapshacieva,17
medovik738906,5
mfclabber,12
mishkurovamasha,2
n_ogil_,11
ohnomash,8
ole52525218,12
olluav,3
paradisemansi,17
pshvets2719,17
robertseliverstov,12
sandrabosa,13
shav_aslan,17
shmonyas,6
st070645,5
tekeshi,11
vasiliev_evgeniy,17
xoxoxxoxo,4
zharkynai,2
